URL, Web Source, Article type, Article summary, Article title, Content, Creation date, Hashtag, Author, Category
"https://cryptonews.com/news/oklahoma-enacts-bill-safeguarding-residents-right-to-self-custody-digital-assets.htm","https://cryptonews.com/","News Article","","Oklahoma Enacts Bill Safeguarding Residents‚Äô Right to Self-Custody Digital Assets","Oklahoma passed a bill on May 13 to protect the rights of its residents to self-custody their digital assets.
The legislation, known as OKHB3594, was signed into law by Governor Kevin Stitt and sponsored by four Republicans: State Senators Bill Coleman and Dana Prieto and State Representatives Brian Hill and Cody Maynard.
The bill prohibits any restrictions or bans on using self-custody or hardware wallets to store digital assets, which ensures that individuals in Oklahoma have the freedom to control and safeguard their own digital assets without interference from third parties.
The legislation also allows Oklahomans to engage in both home-based and industrial crypto mining as long as they comply with local noise ordinances.
The digital asset self-custody bill will go into effect on November 1, 2024.
One notable provision of the bill is the exemption of crypto miners from obtaining a money transmitter license.
Oklahoma passes a law protecting the right to self-custody #BTC. The law says citizens can't be prevented from holding and controlling #digitalassets using a hardware wallet. Also, the state can't restrict the use of #crypto to buy legal goods. https://t.co/lhdcymffZj pic.twitter.com/eDDlOqntog
‚Äî sh3k1n4h (@sh3k1n4h) May 16, 2024

This means that individuals involved in home digital asset mining or running digital asset mining businesses, as well as those engaged in staking or staking as a service, are not required to acquire a license typically associated with financial transactions.
Additionally, the bill outlaws discriminatory electricity rates for digital asset mining businesses, ensuring fair treatment in terms of energy costs.
The legislation also addresses the use of digital assets as a payment method.
Oklahoma residents can utilize cryptocurrencies to pay for goods and services without being subjected to additional taxes, withholdings, assessments, or charges imposed solely because of the use of digital assets in transactions.
Dennis Porter, the CEO of Satoshi Act Fund, emphasized the bill‚Äôs importance in protecting fundamental Bitcoin rights.
‚ÄúWithout the ability to manage our wealth, we lose control of our destiny and the chance to create better futures for our families,‚Äù he wrote in a post on X. ‚ÄúThis law ensures that everyone can secure not only their [bitcoin] but all their assets.‚Äù
üö®HUGELY MASSIVE BRREAKINGüö®: A bill protecting your ‚Äòfundamental #Bitcoin rights‚Äô has been SIGNED INTO LAW in the state of Oklahoma.
Oklahoma will now defend your: ‚úÖ Right to self-custody ‚úÖ Right to spend #Bitcoin and digital assets ‚úÖ Right to mine #Bitcoin ‚úÖ Right to run‚Ä¶ pic.twitter.com/KdPsmLBzDo
‚Äî Dennis Porter (@Dennis_Porter_) May 14, 2024

Countries worldwide are increasingly considering confiscating crypto assets for debt collection from taxpayers.
South Korean tax officials in the city of Pohang revealed plans to seize crypto from 5,208 residents who failed to pay local taxes.
Per local reports, the individuals have all evaded local tax bills worth $370 or above.
The drive saw tax officials seize almost $29 million in coins and fiat in 2023.
Likewise, the Spanish Ministry of Finance wants to enable the seizure of digital assets to settle tax debts.
Under the leadership of Mar√≠a Jes√∫s Montero, the ministry is currently working on legislative reforms to the General Tax Law.
The proposed changes would grant the Spanish Tax Agency the authority to identify and control crypto assets owned by taxpayers with outstanding debts.","May 17, 2024 16:54 EDT","","Ruholamin Haqshanas",""
"https://cryptonews.com/news/sam-trabucco-defends-ftx-executive-ryan-salame.htm","https://cryptonews.com/","News Article","","Former Alameda Research CEO Sam Trabucco Defends FTX Exec Ryan Salame Ahead Of Sentencing","Sam Trabucco, the co-CEO of Alameda Research, has spoken out in support of FTX executive Ryan Salame ahead of his sentencing on May 28, according to an updated May 14 court filing.
In a character reference for the former FTX Digital Markets co-CEO, Trabucco described Salame as an ‚Äúaffable‚Äù and ‚Äúcomplex‚Äù person who ‚Äúdoesn‚Äôt deserve to be defined by his worst actions.‚Äù
‚ÄúSimply put, Ryan is my best friend. He has also committed crimes,‚Äù Trabucco wrote. ‚ÄúHe‚Äôs acknowledged that and is prepared to accept the consequences.‚Äù
Trabucco further said that he had hoped Salame would receive a ‚Äúfair‚Äù sentence in relation to the digital asset scandal, referring to him as a ‚Äúsought-after employee in the crypto space.‚Äù
Ryan Salame's team submitted a sentencing memo. He says he didn't know about illegal conduct at FTX and had a substance problem since age 15. Now he's sober, raising a child with Michelle Bond, plans for law school. Wants to start a political nonprofit. ü§∑https://t.co/oQqJ2Rppqf
‚Äî Jacob Silverman (@SilvermanJacob) May 15, 2024

Salame, who recently requested a sentencing length of eighteen months in prison, pled guilty to conspiracy to operate an unlicensed money transmitting license and conspiracy to make unlawful political contributions back in September 2023.
Salame has largely distanced himself from the doomed crypto exchange, with lawyers for the FTX executive arguing that he had limited knowledge of the company‚Äôs $8 billion fraud scheme.
‚ÄúAs was true for thousands of other FTX employees, customers, investors, and lenders, Ryan lost years of hard work and nearly his entire net worth almost instantaneously,‚Äù the court filing read. ‚ÄúRyan, who was not part of Sam Bankman-Fried‚Äôs innermost circle, was unaware of the crimes at the center of this case.‚Äù
Salame‚Äôs unlawful political contributions charge stems from over 300 secret donations totaling tens of millions of dollars made by Bankman-Fried, with the willing participation of the former FTX Digital Markets co-CEO and the company‚Äôs Head of Engineering, Nishad Singh.
Prosecutors allege Bankman-Fried, who is currently serving 25 years in prison for orchestrating the fraud scheme, used the straw donor scheme to levy influence and power to pro-crypto politicians.
Of course, these donations were largely funded by FTX customers‚Äô money, which Bankman-Fried stole and used to fund venture investments, real estate purchases, and more while claiming investors‚Äô funds were safe.
‚ÄúHe built a pyramid of deceit on a foundation of lies and false promises,‚Äù U.S. prosecutors claimed during SBF‚Äôs trial. ‚ÄúAnd when it collapsed, it left a trail of destruction in its wake.‚Äù
Salame‚Äôs sentencing will take place at Manhattan federal court on May 28 at 11 a.m. He is facing a maximum sentence of 10 years in prison.","May 17, 2024 16:40 EDT","","Julia Smith",""
"https://cryptonews.com/news/hong-kong-launches-e-cny-wallets-for-payments.htm","https://cryptonews.com/","News Article","","Hong Kong Launches Personal e-CNY Wallets For Cross-Border Payments","Hong Kong became the first region outside mainland China to allow users to open digital wallets and hold China‚Äôs CBDC e-CNY, otherwise known as the digital yuan on Friday.
The Hong Kong Monetary Authority (HKMA), the city‚Äôs central bank, announced that permanent residents and foreign nationals living in Hong Kong can now open e-CNY wallets using their local mobile phone numbers with four major mainland Chinese state-owned banks.
The accredited banks licensed to facilitate the CBDC wallet opening are the Bank of China, the Bank of Communications, the China Construction Bank, and the Industrial & Commercial Bank of China.
HKMA and People‚Äôs Bank of China have expanded the scope of the e-CNY pilot in Hong Kong.
Key benefits for HKers: üì±Open e-CNY wallets with HK mobile number üè¶Top up e-CNY wallets via FPS provided by 17 HK banksüõçÔ∏èUse e-CNY to make retail payments in the Mainland pilot cities pic.twitter.com/SF5GxJXp8H
‚Äî HKMA È¶ôÊ∏ØÈáëËûçÁÆ°ÁêÜÂ±Ä (@hkmagovhk) May 17, 2024

‚ÄúUnlike conventional digital wallets, the e-CNY wallet has the full endorsement of the People‚Äôs Bank of China,‚ÄùHoward Lee, the Hong Kong Monetary Authority (HKMA) Deputy Chief Executive, emphasize.
He added that the key objective of the digital yuan is to provide Hong Kong residents with a ‚Äúsafe and convenient option for cross-border payments‚Äù when traveling to the Greater Bay Area integration zone, which comprises Hong Kong, Macao, and nine cities in Guangdong province.
Recall that Crypto News reported in January 2024 that the Chinese central bank plans to expand the digital yuan to Hong Kong to foster cross-border payment.
Hong Kong‚Äôs retailers are concerned, however. They believe there is more demand for mobile payment in mainland cities like Shenzhen, where shopping and dining are predominant, which could divert consumption away from the city.
Currently, around 300 merchants in Hong Kong accept e-CNY payments, subject to certain limits. Individual wallet balances are capped at ¬•10,000 ($1,380), and single transactions are limited to ¬•2,000, while annual spending is restricted to ¬•50,000.
HK residents can top up their wallets via Hong Kong‚Äôs Faster Payment System (FPS), which has been integrated with the e-CNY payment infrastructure.
Senior economist at Natixis Hong Kong Gary Ng described the development as ‚Äúa big move compared to the past‚Äù in promoting the yuan‚Äôs internationalization. He expects more companies to adopt the system going forward.
According to the latest figures released by the People‚Äôs Bank of China, domestic transactions facilitated by the digital yuan reached a staggering 1.8 trillion yuan (approximately $249 billion) as of the end of June 2023. The surge in usage has been driven by the opening of over 120 million individual e-CNY digital wallets nationwide, with over 29 million digital yuan wallets opened in Suzhou.
Despite these growths, many workers actively convert their e-CNY into fiat currency, indicating a clear preference for physical cash. As CryptoNews reported, Chinese workers are hesitant to use CBDC due to its perceived lack of utility and privacy concerns.","May 17, 2024 16:33 EDT","","Jimmy Aki",""
"https://cryptonews.com/news/institutions-will-require-data-management-tools-for-digital-asset-adoption.htm","https://cryptonews.com/","News Article","","Institutions Will Require Data Management Tools For Digital Asset Adoption","Institutional interest in digital assets is gaining traction. As of the end of Q1, more than 900 institutions based in the United States had disclosed spot Bitcoin exchange-traded fund (ETF) shareholdings exceeding $100 million, equating to $10.7 billion combined.
In addition, leading asset management firms, including BlackRock and Franklin Templeton, have launched tokenized treasury funds. Recent data indicates that more than $1 billion in treasury notes has been tokenized on public blockchain networks.
A bi-annual survey conducted by KPMG in Canada further found that institutional investors located in the region greatly increased their crypto holdings in 2023. According to KPMG‚Äôs survey, 22% more financial services organizations offered crypto asset products and services to clients last year than in previous years.
A total of 937 financial firms have disclosed their Bitcoin ETF holdings in Q1 2024.
To put things in comparison, Gold had just 95 firms invested in its first ETF quarter! ü§ë pic.twitter.com/hwoLkTKYnw
‚Äî Guru Vedas (@VedasGuru) May 16, 2024

While notable, digital asset data is still a challenge for institutions.
Isabella Henderson, Director of Product Strategy at Amberdata, told Cryptonews that digital asset data is dense and complex.
‚ÄúEach crypto exchange uses different tickers and hundreds of thousands of asset instruments,‚Äù said Henderson. ‚ÄúThis makes consistency and reliability a challenge for institutions.‚Äù
Henderson pointed out that in traditional finance, standardized security masters and asset references solve these challenges by aligning front, middle, and back offices.
Yet she noted that the digital asset space lacks such solutions, resulting in a fragmented view of the crypto sector for institutions.
To solve this problem, Amerberdata recently launched an asset reference and classification tool. Known as ‚ÄúARC,‚Äù this is an institutional-grade security master database for digital assets.
A security master database is a data store that contains reference data about financial products. Such a tool is used by market participants to organize their records across trading, risk, clearing, and settlement operations.
Asset Reference and Classification Methodology üîñ
Asset Reference and Classification (ARC) is an institutional-grade security master database for digital assets that aims to provide a transparent and robust approach to the digital asset market to promote effective regulation,‚Ä¶ pic.twitter.com/sfyD3t7PuZ
‚Äî Amberdata (@Amberdataio) May 16, 2024

Henderson explained that ARC is an open-source dataset that enables financial institutions to segment and view the digital asset sector consistently.
‚ÄúBy combining reference details, classification, and categorization, ARC is a solution that provides transparency into the operations and use cases of any digital asset,‚Äù she remarked.
Henderson elaborated that ARC unifies front, middle, and back offices for institutions holding digital assets. This is done through data collected by Amberdata, which tracks traded crypto pairs across over 150,000 spot, options, and futures instruments.
‚ÄúARC shows token addresses, contract and trade specifications, price limits, exploits, and more,‚Äù said Henderson. ‚ÄúARC IDs also map an asset‚Äôs associated instruments across the digital asset ecosystem, using a tagging classification system to flexibly classify industries and proper use cases.‚Äù
Henderson believes that such a tool can help institutions with analysis and reference, trading, and for other instances.
‚ÄúFor example, ARC will help institutions keep records of the highly dynamic universe of digital assets with a repository of accurate asset and classification information for reference and analysis,‚Äù she said. ‚ÄúIt can also optimize execution workflows to enhance trade execution strategies.‚Äù
Institutions also require data management tools to evaluate risks associated with digital assets.
A recent Deloitte poll shows that executives involved in managing digital assets expect risks to increase and the regulatory environment to become more complex this year.
Tim Davis, a Deloitte Risk and Financial Advisory principal and U.S. Blockchain Leader, believes, ‚ÄúDigital asset risk should be a mainstay board agenda item for any organization that actively uses digital assets in its operations.‚Äù
Given this, a Chainalysis spokesperson told Cryptonews that institutions could use Chainalysis on-chain data to evaluate risks associated with digital assets.
‚ÄúFor example, we can help clients understand how widely distributed an asset is, how liquid it is, what segments of the crypto economy are holding and using it, and whether those segments skew toward being illicit or risky,‚Äù the spokesperson said.
Since digital assets represent a fairly new sector for institutions, it is questionable if data management tools will be immediately implemented.
Yet Henderson noted that Amberdata expects institutions to use ARC moving forward.
‚ÄúWe have heard from many financial institutions and crypto native firms ‚Äì both clients and not ‚Äì that mapping assets across exchanges and markets is a major pain point across the trading life cycle,‚Äù she remarked.
Henderson added that Amberdata has already initiated the process of ARC integration for a few institutions. She further pointed out that because ARC is open-sourced, it will advance within the digital asset industry through community contributions and insights.
‚ÄúThere is a vast community of financial professionals and digital asset investors who will contribute to ARC, keep the dataset relevant and up to date, and eliminate proprietary biases on how to classify digital assets,‚Äù she said.
Yet challenges may arise. Sebastian Higgs, Chief Operating Officer and Co-founder of Cordial Systems ‚Äì an institutional-grade self-custody software provider ‚Äì told Cryptonews that while transparency benefits public blockchains, there is an extreme side for institutions who want to build products on blockchain infrastructure.
‚ÄúThey are still beholden to customer data privacy laws, confidentiality, and will want to retain certain processes or business logic as private instead of publishing them for the general public to see,‚Äù said Higgs.","May 17, 2024 14:08 EDT","","Rachel Wolfson",""
"https://cryptonews.com/news/binance-nigeria-executive-tigran-gambaryan-denied-bail.htm","https://cryptonews.com/","News Article","","Detained Binance Executive Tigran Gambaryan Denied Bail By Nigerian Court","Tigran Gambaryan, the Binance executive detained in Nigeria, was denied bail on his 40th birthday, according to a court hearing in Abuja on Friday.
According to Nigerian media outlet Punch News, Judge Emeka Nwite ordered the crypto exchange‚Äôs Head of Compliance to stay in prison, citing his potential to jump bail if granted.
Gambaryan was originally detained alongside Binance‚Äôs Regional Manager for Africa, Nadeem Anjarwalla, in late February before being charged with money laundering and tax evasion.
Anjarwalla later fled on foot and is still at large, despite earlier reports alleging that the Binance executive was recaptured in Kenya.
On this very unhappy birthday, a reminder that @TigranGambaryan has been dedicated to public service and fighting crime for most of his life. These charges against him are completely meritless. He should be freed while discussions continue between Binance and Nigerian government‚Ä¶
‚Äî Noah Perlman (@NoahBPerlman) May 17, 2024

‚ÄúI truly cannot believe my innocent husband is now ‚Äì on his 40th birthday ‚Äì having to face a trial for charges he has nothing to do with,‚Äù Tigran‚Äôs wife Yuki Gambaryan said in a statement originally published by DL News. ‚ÄúThe whole world is watching what he is being put through and I just pray that common sense and justice will prevail and that Tigran will be allowed to come home to us.‚Äù
Earlier this month, Binance CEO Richard Teng addressed the situation publicly for the first time in a blog post on the crypto exchange‚Äôs website. In it, he alleged that employees were originally approached by ‚Äúunknown persons‚Äù in the African country who promised ‚Äúto make these issues go away‚Äù should the crypto company accept a secret settlement.
According to the New York Times, the ‚Äúsettlement‚Äù was actually a $150 million bribe from a Nigerian government official.
‚ÄúOur team grew increasingly concerned about their safety in Nigeria and immediately departed,‚Äù Teng said, refusing the deal.
When the Binance executives were invited back for a series of policy talks under the assurance they would be granted ‚Äúsafe passage for their meetings,‚Äù the duo was detained.
The Nigerian government has since come out to deny Teng‚Äôs claims, saying they lack ‚Äúany iota of substance.‚Äù
‚ÄúIt is nothing but a diversionary tactic and an attempted act of blackmail by a company desperate to obfuscate the grievous criminal charges it is facing in Nigeria,‚Äù a statement from Nigeria‚Äôs Ministry of Information and National Orientation said. ‚ÄúThe facts of this matter remain that Binance is being investigated in Nigeria for allowing its platform to be used for money laundering, terrorism financing, and foreign exchange manipulation through illegal trading.‚Äù
Gambaryan‚Äôs formal arraignment is scheduled for Wednesday, May 22. It is unclear when or if Anjarwalla will be extradited to Nigeria should he be captured.","May 17, 2024 13:41 EDT","","Julia Smith",""
"https://cryptonews.com/news/reddit-shares-jump-after-openai-data-sharing-deal.htm","https://cryptonews.com/","News Article","","Reddit Shares Jump After OpenAI Data-Sharing Deal","Social media firm Reddit‚Äôs stock rose 13.5% after a data-sharing deal with OpenAI, the creator of the artificial intelligence (AI) chatbot ChatGPT.
On May 16th, Reddit announced its partnership with OpenAI. This deal grants OpenAI access to Reddit‚Äôs data application programming interface (API), providing real-time content from platform posts.
https://x.com/Reddit/status/1791214691592610065
Reddit said this would ‚Äúbring Reddit content to ChatGPT and new products.‚Äù Open AI COO Brad Lightcap said the venture will ‚Äúexplore the possibilities to enrich the Reddit experience with AI-powered features.‚Äù
The announcement also mentioned ChatGPT as the newest advertising partner of Reddit.
Following the announcement, Reddit saw a 5.45% decline, but in the pre-market, the site gained 13.78% to $64.15, as per Google Finance data.

Reddit has long been focused on finding ways to strengthen community engagement and develop revenue streams outside of offering advertising space.
OpenAI will give Reddit users and moderators a suite of new AI-powered features aimed at strengthening user engagement.
Using Reddit‚Äôs data API provides OpenAI with real-time, structured, and unique content from Reddit. AI tools can then apply this data to showcase more relevant Reddit content, especially on recent topics. Reddit CEO Steve Huffman commented:
‚ÄúChatGPT upholds our belief in a connected internet, helps people find more of what they‚Äôre looking for, and helps new audiences find community on Reddit.‚Äù
This partnership benefits OpenAI products by allowing access to Reddit‚Äôs API. Products like ChatGPT will gain up-to-date and relevant information, a previous limitation. Huffman added:
‚ÄúReddit has become one of the internet‚Äôs largest open archives of authentic, relevant, and always up-to-date human conversations about anything and everything.‚Äù
Reddit highlighted that this integration would not compromise privacy. Their Public Content Policy emphasizes user privacy and content protection.
The policy aims for complete transparency to ‚Äúgive communities, developers, and researchers a better sense of how Reddit thinks about access to public content and the protections that should exist for users.‚Äù
In recent years AI has seen significant adoption. AI cryptocurrencies rose an average of 257.2% in the first 2 months of 2024. This came with rising interest among major jurisdictions.
One of the leaders in this is the US. On May 15th, US senators proposed a $32 Billion Investment Plan to Boost AI development in the US over the next 3 years. This came to seize the opportunity to ‚Äúharness the opportunities and address the risks‚Äù of the rapidly developing technology.
This development has given birth to a range of promising projects with real-world applications.
There have also been efforts to regulate AI. The European Union has again set a global precedent by unanimously passing The AI Act, legislation to govern AI.
The Act brings a targeted regulatory approach to some of the most pressing issues and anxieties around AI today. It crosses a crucial boundary, providing clarity and confidence.","May 17, 2024 08:45 EDT","","Harvey Hunter",""
"https://cryptonews.com/news/crypto-news-today.htm","https://cryptonews.com/","News Article","","What‚Äôs Happening In Crypto Today? Daily Crypto News Digest","Get your daily, bite-sized digest of blockchain and crypto news today ‚Äì investigating the stories flying under the radar of today‚Äôs news.

In crypto news today:

__________
Following a very green day, the global cryptocurrency market capitalization is down 0.6% over the past 24 hours. It now stands at $2.49 trillion.
Many of the top 100 coins per market cap have seen their prices drop in this period.
Stacks (STX) recorded the biggest decrease, falling 9% to $1.97.
BONK is in the second-place on this red list. Its price decreased by 7%, trading at $0.00002396.
Chainlink (LINK) is the best performer. It appreciated by 14% to $15.94.Next is Arweave (AR), with a 9% rise to $47.43.Another 22 coins are green, with increases of less than 6% each.
When it comes to the top 10 coins per market cap, only one coin is up today. Solana (SOL) went up less than 0.5% to $162.82.On the other hand, Dogecoin (DOGE) fell the most. It‚Äôs down 3.8% to $0.14988.The remaining coins‚Äô prices decreased by 2.6% (BNB) and less.
Ethereum (ETH) fell 2.5%, trading at $2,945. At the same time, Bitcoin (BTC) is down 0.7%, changing hands at $65,651.Meanwhile, the Depository Trust and Clearing Corporation (DTCC), the world‚Äôs largest settlement system, has partnered with blockchain oracle Chainlink to conclude a pilot program involving several major banking firms in the US.
The primary objective of the Smart NAV Pilot is to enhance the tokenization of traditional finance funds, they said.
In crypto news today, the popular multichain decentralized exchange (DEX) PancakeSwap has introduced an interface fee refund campaign that enables users to recoup up to $8 million in interface fees incurred on its competitor Uniswap.
This initiative is one of PancakeSwap‚Äôs largest, it said. It will last from May 16 to August 15.
The campaign aims to address concerns relating to recent changes in Uniswap‚Äôs fee structure. It increased the interface fee from 0.15% to 0.25%. Per the announcement, traders can participate by matching their Uniswap volume 1:1 on PancakeSwap v3. Per the team:
‚ÄúBy replicating this volume on Ethereum PancakeSwap v3 in eligible pairs (WBTC and/or WETH) participants will receive a refund of their entire Uniswap interface fees from PancakeSwap.‚Äù
To be eligible, participants need a minimum accumulated volume of $5,000 in WBTC and/or WETH pairs traded on the Ethereum Uniswap frontend between January 1 and March 31 this year.
Get Your Uniswap Interface Fees Refunded on PancakeSwap, up to $8M!
Match your Ethereum Uniswap volume 1:1 on Ethereum PancakeSwap, and we‚Äôll refund ALL your interface fees paid.
Trade now: https://t.co/9KbutqNsye
Check your eligibility: https://t.co/sInICDd2tY
Read more:‚Ä¶ pic.twitter.com/SrMTPJxWsS
‚Äî PancakeSwap v4ü•û (@PancakeSwap) May 16, 2024

PancakeSwap also noted some of the key benefits of trading with them.
One is that traders pay no interface fees when trading on PancakeSwap. Also, it has ‚Äúone of the industry‚Äôs lowest fees,‚Äù starting from just 0.01%.
Additionally, besides the interface fee refund, all qualified participants will earn points that can be redeemed for ‚Äúexclusive opportunities‚Äù in the future.
Digital payments platform SKUx announced it has signed an agreement with the payments giant Visa.
Per the press release, the agreement will accelerate digital transformation for select merchants and consumer packaged goods (CPG) companies that leverage SKUx‚Äôs payment-based offer solutions.
Furthermore, it will enable Visa clients to engage directly with SKUx. This will drive value creation among B2B and B2C payment flows for merchants and manufacturers.
Also, it will help merchants drive customer acquisition, digitize customer care and recovery, and target product-level spend.
‚ÄúTogether, our interconnected solutions drive client and customer value upstream to deliver a low friction, more personalized commerce experience,‚Äù the press release said.
Meanwhile, SKUx says that, via its multi-patented digital payments platform, it is advancing the outdated physical to digital process of checks, coupons, rebates, and promotional offers.
This is solving long-term industry challenges for merchants, consumer brands, loyalty platforms, travel companies, healthcare providers, and others, it said. Already, several ‚Äúleading CPG brands‚Äù leverage the SKUx platform.
‚ÄúBenchmarked results have seen up to 85% reductions in paper checks, with digital delivery of customer payments provided in near real-time as opposed to days or weeks with physical offers, dramatically reducing costs, effort, and fraud,‚Äù it added.
In other crypto news today, ten public Bitcoin mining companies raised nearly $2 billion in gross proceeds from equity financing activities in the pre-halving Q1 2024, according to the latest Miner Weekly report by BlocksBridge Consulting. In comparison, these companies raised $1.25 billion in Q4, 2023.
Marathon, CleanSpark, and Riot, the largest companies per market cap, accounted for 73% of the funds these 10 companies raised. These three were holding $1.33 billion of cash and more than 32,200 BTC valued at over $2.2 billion as of March 31.
But the report notes that the financing activities ‚Äúcooled down‚Äù in Q2.
‚ÄúAs of Wednesday, less than $500 million of investment was poured into subscribing major public mining stocks. That said, the number is already higher than Q3 last year,‚Äù the analysts said.
Furthermore, most of the public mining companies decided to hold onto their BTC holdings. They were holding more than 48,000 BTC combined as of April 30.
‚ÄúWhile the proceeds from equity financing are generally used to fund hashrate and infrastructure expansion [‚Ä¶], the abundance of cash reserves may also explain why most of the public mining companies chose to hold onto their bitcoin holdings.‚Äù
__________
For the latest crypto news updates, bookmark this page and subscribe to our newsletter!","May 17, 2024 06:30 EDT","","Sead Fadilpa≈°iƒá",""
"https://cryptonews.com/news/donald-trump-crypto-friendly-stance-genuine-opportunistic.htm","https://cryptonews.com/","News Article","","Is Donald Trump‚Äôs Recent Crypto-Friendly Stance Genuine Or Opportunistic? Experts Weigh In","Presidential candidate Donald Trump recently expressed his backing for crypto, indicating that he would cease hostility towards crypto in the US if he were to be re-elected.
‚ÄúIf we‚Äôre going to embrace it, we have to let them be.‚Äù He also told the audience that if they like crypto, ‚Äúyou better vote for Trump.‚Äù
Previously, Trump openly criticized Bitcoin and other cryptocurrencies. In July 2019, he described them as ‚Äúnot money‚Äù and condemned their volatility and absence of intrinsic value. Additionally, he contended that these assets could facilitate illegal activities such as drug trafficking.
According to Coinbase, about 20% of American adults, or over 50m individuals, claim to hold crypto. Markus Levin, co-founder of XYO Network, said that this substantial figure has undoubtedly captured the attention of the candidates.
‚ÄúTo embrace crypto and solid crypto regulation is a good election strategy and clever policy more generally,‚Äù he said. ‚ÄúAbsolutely, a sizable number of people in the crypto community will vote for Trump based on his seemingly positive approach towards the industry.‚Äù
Meanwhile, Jonathan Thomas, CEO of prime brokerage Blueberry, asserted that Trump‚Äôs crypto-friendly stance will influence voters prioritizing crypto as a single-issue matter.
‚ÄúThis is an aspect that some people hold dear to their hearts, and will vote for which candidate supports their bias,‚Äù he said. His crypto-friendly talk will resonate with crypto enthusiasts, but only if it doesn‚Äôt clash with other issues they care about even more, he added.
NFT enthusiast Thorne Melcher labeled Trump‚Äôs recent endorsement as ‚Äúflimsy.‚Äù She noted it marks a significant departure from his previous negative remarks.
‚ÄúGiven crypto‚Äôs potential to facilitate the purchase of trans hormone replacement therapy, abortions, and drugs circumventing politics pushed by conservatives, it only feels like a matter of time before they involve it in their authoritarian crackdowns,‚Äù she said.
However, she noted that this doesn‚Äôt imply that Biden is favorable towards cryptocurrency. Yet, supporting Trump solely for the sake of crypto doesn‚Äôt seem to offer substantial benefits, and Trump himself is unlikely to gain much electoral support solely by endorsing it.
Once a crypto skeptic, Trump has now become a full-fledged NFT enthusiast. He actively participates in the market, even selling over $1m worth of NFTs, some featuring his mugshot.
According to Stephanie Vaughan, co-founder of DeFi protocol Veda, it‚Äôs evident that many individuals within the crypto community are inclined to support Trump or refrain from supporting Biden.
‚ÄúI think that during the last election, there were probably a lot of crypto-focused voters who voted for Biden. Because, at that time, it wasn‚Äôt clear that he would take such a hardline approach against the industry,‚Äù she said.
‚ÄúIt‚Äôs clear now, however, that regulation by enforcement is the stance taken by the Biden Administration. And this is totally unworkable for a very large number of people who work in the industry or who are generally favorable towards it.‚Äù
She said that Trump acknowledges crypto‚Äôs emergence as a significant factor for a considerable portion of voters in the upcoming election. Consequently, he‚Äôs making concerted efforts to attract them away from Biden.","May 17, 2024 04:10 EDT","","Shalini Nagarajan",""
"https://cryptonews.com/news/swift-china-president-on-overcoming-barriers-in-cbdc-systems.htm","https://cryptonews.com/","News Article","","SWIFT China President Wen Yang on Overcoming Barriers in CBDC Systems","The Society for Worldwide Interbank Financial Telecommunication (SWIFT) China President recently shared insights on the challenges and solutions for cross-border central bank digital currency (CBDC) interoperability.
In an interview with 21st Century Business Herald, Wen Yang addressed the fragmentation in CBDC systems due to varying technological paths and standards among different economies, highlighting the organization‚Äôs effort to bridge technical gaps.
According to the report, over 130 economies are now exploring CBDCs, with nearly 70% of central banks expecting to issue them within the next decade. However, the rapid development could lead to potential ‚Äúdata silos‚Äù where systems are unable to communicate with one another.
‚ÄúCurrently, there are significant differences in the technological paths and standards, including protocols, among economies, which presents a ‚Äòfragmentation‚Äô challenge and leads to ‚Äòdata silos‚Äô,‚Äù said Yang.
‚ÄúTo date, 11 countries have fully launched their CBDCs, while others are in later stages of development,‚Äù said Yang.
China‚Äôs digital yuan has seen implementation across various applications, while the European Central Bank is in the process of preparing for a digital Euro. In India, commercial banks handle one million digital rupee transactions daily across the country.
Swift launched the second phase of its CBDC sandbox in July 2023, focusing on complex use cases in digital trade, digital assets, and foreign exchange networks for CBDC payments and settlements.
‚ÄúThe project lasted six months and involved 38 financial institutions from around the world, including regulators, commercial banks, and market infrastructures, involving applications of seven different CBDCs,‚Äù said Yang.
Yang also emphasized the importance of interoperability in cross-border CBDC use. The sandbox results reaffirmed SWIFT‚Äôs proposal to simplify digital transactions while allowing financial institutions to continue utilizing their existing infrastructures.
‚ÄúTests on the interaction between digital trade platforms and CBDC networks using Distributed Ledger Technology (DLT) and smart contracts have proven technically feasible for automating trade payments,‚Äù stated Yang.
He indicated that Swift plans to expand its CBDC connector solution to test more extensive use cases in a comprehensive environment. This would include enhancing support for on-chain forex settlements and cross-border payments, addressing growing market demands.","May 17, 2024 03:37 EDT","","Hongji Feng",""
"https://cryptonews.com/news/dtcc-and-chainlink-launch-pilot-program-with-us-banking-giants.htm","https://cryptonews.com/","News Article","","DTCC and Chainlink Launch Pilot Program with US Banking Giants to Advance Tokenization in TradFi","The Depository Trust and Clearing Corporation (DTCC), the largest settlement system in the world, has partnered with blockchain oracle Chainlink to conclude a pilot program involving several major banking firms in the United States.
The primary objective of the program was to enhance the tokenization of traditional finance funds.
The pilot program, known as the Smart NAV Pilot, focused on establishing a standardized method for providing net asset value (NAV) data of funds on blockchains.
Chainlink‚Äôs Cross-Chain Interoperability Protocol (CCIP) played a key role in achieving this goal.
According to the DTCC‚Äôs report, the program demonstrated that structured data could be delivered on-chain, paving the way for various on-chain use cases such as tokenized funds and ‚Äúbulk consumer‚Äù smart contracts, which hold data for multiple funds.
The successful outcomes of the pilot program have implications for future industry exploration and enablement of numerous downstream use cases.
These include brokerage applications, more automated data dissemination, and easier access to historical data for funds.
The DTCC‚Äôs report noted that the program facilitated better-automated data management, minimal disruption to existing market practices in traditional financial institutions, retrieval of historical data without manual record-keeping, and broader API solutions for price data.
Prominent US banking firms actively participated in the pilot program, including American Century Investments, BNY Mellon, Edward Jones, Franklin Templeton, Invesco, JPMorgan, MFS Investment Management, Mid Atlantic Trust, State Street, and U.S. Bank.
Following the release of the DTCC‚Äôs report, Chainlink‚Äôs native token, LINK, experienced a 12.5% increase in value.
Over the past 12 months, LINK has demonstrated significant growth, gaining more than 130% amid the broader uptick in the cryptocurrency market.
The DTCC‚Äôs report coincides with the growing enthusiasm among major traditional financial institutions for real-world asset tokenization.
On March 19, BlackRock, a leading investment management firm, introduced a tokenized money market fund called BUIDL on the Ethereum network.
The fund allows investors to acquire tokens representing shares in the fund, which primarily invests in assets such as U.S. Treasury bills.
Operating as an ERC-20 token called BUIDL, the fund is often referred to as the ‚Äúdigital liquidity fund‚Äù due to its digitized nature on the Ethereum blockchain.
As reported, the TVL for RWA protocols soared to nearly $8 billion by the end of April.
Some protocols have played a significant role in driving this growth, particularly in terms of active users.
Digital carbon market platforms like Toucan and KlimaDAO, as well as the real estate tokenization protocol Propy, have experienced substantial user growth.
Tokenized treasuries have also seen remarkable expansion as yields remain high in an environment of elevated inflation and interest rates in the United States.
The RWA.xyz platform reported a record $1.29 billion locked-in tokenized U.S. treasuries and bonds, representing an 80% surge since the beginning of 2024.
Back in March, DigiFT, a Singapore-based fintech company, also announced that it has made a foray into the digital asset realm with the launch of its US Treasury bill depository receipt (DR) tokens.","May 17, 2024 02:49 EDT","","Ruholamin Haqshanas",""
"https://cryptonews.com/news/south-korean-police-arrest-34-in-swoop-on-crypto-powered-drugs-smuggling-ring.htm","https://cryptonews.com/","News Article","","South Korean Police Arrest 34 in Swoop on Crypto-powered Drugs Smuggling Ring","South Korean police have arrested 34 people in a raid on a suspected crypto-powered drugs smuggling ring, officers announced on May 16.
Per Newsis, police seized 90,000 doses of drugs including methamphetamine (crystal meth), synthetic marijuana, and ketamine.
Officers said the ring used Vietnam-based smugglers to hide the drugs in cosmetics products.
Gang members then allegedly sent these products to South Korea via international courier services.
Police said they had remanded nine people in custody, including two suspected South Korean ringleaders (both aged 36).
Officers added that they had charged 25 other people with related crimes. Police say the ring was active from August 2023 to April this year.
A police spokesperson added that the ring sold the narcotics online to crypto-paying buyers. The group reportedly made use of Telegram as a communications tool.
Recent reports have claimed that Korean-language Telegram channels have become a ‚Äúdepartment store‚Äù for drug buyers and dealers.
Chungbuk Police Agency said its criminal task force‚Äôs drug crime investigation unit carried out the raids.
A police spokesperson explained that the suspected masterminds hid the drugs they received in a ‚Äúhole in a mountainside.‚Äù
When police investigated this hiding place, they found almost six lite